{"cameraMode":{"drawMode":0,"name":"Shaded","section":"Shading Mode"},"sceneLighting":true,"audioPlay":false,"sceneViewState":{"m_AlwaysRefresh":false,"showFog":true,"showSkybox":true,"showFlares":true,"showImageEffects":true,"showParticleSystems":true,"showVisualEffectGraphs":true,"m_FxEnabled":true},"in2DMode":false,"pivot":{"x":294.21539306640627,"y":38.76383972167969,"z":392.0113220214844},"rotation":{"x":0.18862399458885194,"y":0.1476709097623825,"z":-0.02892875298857689,"w":0.9705013036727905},"size":26.465173721313478,"orthographic":false}