{"cameraMode":{"drawMode":0,"name":"Shaded","section":"Shading Mode"},"sceneLighting":true,"audioPlay":false,"sceneViewState":{"m_AlwaysRefresh":false,"showFog":true,"showSkybox":true,"showFlares":true,"showImageEffects":true,"showParticleSystems":true,"showVisualEffectGraphs":true,"m_FxEnabled":true},"in2DMode":false,"pivot":{"x":350.1790466308594,"y":12.461511611938477,"z":554.0706787109375},"rotation":{"x":-0.042052943259477618,"y":-0.9501006007194519,"z":0.14803354442119599,"w":-0.27150771021842959},"size":3.3679449558258058,"orthographic":false}