{"cameraMode":{"drawMode":0,"name":"Shaded","section":"Shading Mode"},"sceneLighting":true,"audioPlay":false,"sceneViewState":{"m_AlwaysRefresh":false,"showFog":true,"showSkybox":true,"showFlares":true,"showImageEffects":true,"showParticleSystems":true,"showVisualEffectGraphs":true,"m_FxEnabled":true},"in2DMode":false,"pivot":{"x":344.6655578613281,"y":12.55583381652832,"z":575.8915405273438},"rotation":{"x":0.24635344743728639,"y":-0.20794549584388734,"z":0.054214559495449069,"w":0.9450650215148926},"size":3.818082809448242,"orthographic":false}