{"cameraMode":{"drawMode":0,"name":"Shaded","section":"Shading Mode"},"sceneLighting":false,"audioPlay":false,"sceneViewState":{"m_AlwaysRefresh":false,"showFog":true,"showSkybox":false,"showFlares":true,"showImageEffects":true,"showParticleSystems":true,"showVisualEffectGraphs":true,"m_FxEnabled":true},"in2DMode":false,"pivot":{"x":348.30108642578127,"y":14.244999885559082,"z":559.3483276367188},"rotation":{"x":0.13556845486164094,"y":0.614275336265564,"z":-0.10817179083824158,"w":0.7698348164558411},"size":0.08012501150369644,"orthographic":false}